model,metrics,data0,data1,data10,data11,data12,data13,data14,data15,data16,data17,data18,data19,data2,data20,data21,data22,data23,data24,data25,data26,data27,data28,data29,data3,data30,data31,data32,data33,data34,data35,data36,data37,data38,data39,data4,data40,data41,data42,data43,data44,data45,data46,data47,data48,data49,data5,data50,data51,data52,data53,data54,data55,data56,data57,data58,data59,data6,data60,data61,data62,data63,data64,data65,data66,data67,data68,data69,data7,data70,data71,data72,data73,data74,data75,data76,data77,data78,data8,data9,Mean metrics
TIME-VAE-BASE,Jensen-Shannon,0.3225933765938845,0.31816266097834817,0.27862360521527757,0.29867522985533734,0.31121175188465455,0.3265713529359651,0.32222666453566434,0.3217826547644385,0.32432251837115095,0.32825822683047506,0.3147798146369448,0.28736531063637305,0.31742845660970875,0.2710547449882184,0.2563571764996944,0.24869213018555544,0.2471903496740243,0.24658223336391566,0.24852255298128406,0.23457967452053083,0.23727657885710168,0.23856205052357113,0.23668179335549933,0.3030340040915235,0.23736651876787057,0.23682242931930475,0.23518060245119632,0.22354495559485607,0.20656504953701166,0.2012968437413126,0.20821300666695625,0.20753552558754917,0.21816118659211503,0.21915367631315788,0.2957384456509657,0.22163951386950523,0.219762704422286,0.22881302474645385,0.2337076321958018,0.2584390468334989,0.25628324139687586,0.2651197746405655,0.2765469463032239,0.2798913725815553,0.28297651630273835,0.288208403499198,0.28574325810745427,0.2876564843203916,0.27021745399240304,0.25878524218777205,0.2584429139261641,0.2402664527767317,0.2159480549609838,0.20453125736371122,0.19525082330493457,0.18921852441573225,0.29376421804006186,0.1927677758704159,0.18558081897468717,0.18106470581632902,0.17773608870928556,0.18989269052763383,0.21042863038099585,0.2239112879900059,0.22828055344947318,0.23316843646411703,0.23357648109297532,0.28886155144565906,0.2534602416571908,0.2714331750803359,0.28166739857024353,0.2672742614583164,0.2582758976926779,0.2627476481688549,0.26500964528485604,0.28337323001647413,0.2855079453082011,0.2744537830719518,0.2688658552115294,0.2551729634878694
TIME-VAE-BASE,KS-pvalue,False,False,False,False,False,False,False,False,False,False,False,False,False,False,False,False,False,False,False,False,False,False,False,False,False,False,False,False,False,False,False,False,False,False,False,False,False,False,False,False,False,False,False,False,False,False,False,False,False,False,False,False,False,False,False,False,False,False,False,False,False,False,False,False,False,False,False,False,False,False,False,False,False,False,False,False,False,False,False,0.0
TIME-VAE-BASE,Kolmogorov-Smirnov,0.21658986175115214,0.20916438652073732,0.18078557027649778,0.19479946716589858,0.20254896313364057,0.21257560483870963,0.20910138248847931,0.21047847062211977,0.21141453052995393,0.21293562788018433,0.21190056163594473,0.19409742223502313,0.20710325460829493,0.16717669930875578,0.16462953629032262,0.15628600230414746,0.1544588853686636,0.16468353974654382,0.16218137960829493,0.16022825460829493,0.15704205069124433,0.1642875144009217,0.16105630760368672,0.20087485599078336,0.15462089573732718,0.1574200748847926,0.15434187788018428,0.1477624567972351,0.13274049539170507,0.1360437067972351,0.12976130472350234,0.13434259792626735,0.13725878456221208,0.1401119671658987,0.19583453341013823,0.14141705069124433,0.13898689516129026,0.13630472350230416,0.1409040178571429,0.15744707661290325,0.15823912730414746,0.16351346486175114,0.18132560483870966,0.17696932603686633,0.17642029089861752,0.1948084677419354,0.17981350806451624,0.18750900057603692,0.1798585109447005,0.16570960541474655,0.17032690092165903,0.1676267281105991,0.14578233006912444,0.1336405529953918,0.1292302707373273,0.12027469758064524,0.1898401497695852,0.12015769009216593,0.1209767425115208,0.11826756912442404,0.1195906538018433,0.12372191820276501,0.1372137816820277,0.14646637384792627,0.14766345046082952,0.1520107286866359,0.15458489343317983,0.18725698444700456,0.16201036866359453,0.16631264400921658,0.17698732718894017,0.16873379896313367,0.169984879032258,0.16961585541474655,0.17359411002304148,0.18483582949308763,0.1915142569124424,0.177671370967742,0.17158698156682028,0.16561196625444793
TIME-VAE-BASE,Kullback-Leibler,2807.306000032443,2727.6190400725045,2145.182115452668,2438.3357066374506,2636.875517695792,2891.1787706100104,2821.6346566482844,2812.537342867701,2851.5944750049202,2916.3078882429927,2678.6477651952105,2259.7605798096247,2711.6285256113833,2046.149603373453,1859.5316609266324,1759.656808926385,1745.8894615862716,1734.1758963005464,1772.7445506756353,1591.4101606477968,1623.2496285563452,1640.2622743650568,1630.338274108182,2472.647420332474,1623.8673457006605,1621.9772276991828,1589.1174971936184,1446.834105643776,1256.566928917547,1196.8332682147561,1274.2736975055534,1268.3771512019862,1359.5932679901166,1389.4061176297532,2357.7117312287946,1411.9147057521395,1394.067218915959,1495.9347673216148,1561.41527572547,1848.0382129611094,1833.0880045125787,1952.4724756983846,2112.9248987558294,2157.6145397515693,2200.58003328705,2245.0621665942626,2242.580875898805,2273.534640122122,2032.1117407723204,1885.4382717742744,1879.1598526326216,1659.7855289432548,1368.4572450181977,1253.0585863406056,1158.367194300067,1109.2716006965636,2326.195491855721,1137.2378090371158,1075.5008843806686,1054.0884637946629,1010.8598916115745,1107.7477746845393,1287.3546862651215,1434.425509899879,1474.1029946111412,1545.4961358187038,1551.9382907550223,2253.089667607078,1804.631857659128,2054.388851776437,2182.8279858126834,2000.9231988611375,1883.4244926110555,1934.0087184303857,1967.5466903294387,2218.777445515776,2250.575119014202,2042.6109900984804,1975.8291663092473,1868.4516761407524
TIME-VAE-BASE,L1,4932.805856400803,4837.588001860526,4196.786318755645,4559.616960358768,4787.04982981275,5039.787442235972,4969.7458620378975,4965.495603171452,5005.524801901163,5070.630710234177,4794.175993116213,4318.745740039673,4810.807392980637,3984.8445080819074,3723.855197183434,3598.90901982786,3562.613544533979,3567.2003805771074,3563.9891612973215,3347.0890954100087,3391.0379823080457,3411.703924337805,3358.6790288297216,4570.576248288624,3384.8954738117245,3374.677650078677,3359.4281694227716,3183.530181622513,2936.406959969842,2854.1774398532093,2944.6839961192304,2932.938350640754,3117.3060001944114,3114.1589645807317,4448.33811969531,3149.0620611387785,3111.3235175300074,3248.9703400507224,3329.699962966706,3767.0157583960536,3734.915632121714,3876.659277925298,4078.032893877858,4154.710994134624,4212.830604661398,4317.584714705061,4251.417535941817,4293.3420535928335,4001.494692011179,3806.099581692951,3805.6162606586945,3505.5342998596425,3110.4708802651085,2916.0954870497235,2765.6124458218073,2645.614999394524,4404.101658096318,2700.5462986563825,2583.5272343747447,2469.155077242568,2437.6268094316474,2654.584379130625,2984.5721399293543,3195.679106103623,3274.231389996039,3340.9691312972973,3352.8644225571293,4328.486479256005,3685.7029866711982,3963.3280853774986,4183.72214410477,3934.16976617967,3811.697602810733,3888.016293048103,3929.051578818694,4221.701352671715,4251.409756561359,4055.052545656302,3943.0614352737025,3742.9767288178805
TIME-VAE-BASE,L2,303.7419109108419,298.92507298171506,265.8280820361121,283.8905477598295,295.27959968750145,310.4342304208884,306.617552015153,305.74863900836766,307.5033508684078,310.2837195171835,296.1408648786007,271.1049378639405,297.5751858625003,254.52156723780945,240.92137427003146,233.39296434844402,232.20357025173124,233.14334402745385,233.86507075984355,221.4637125398686,225.01536962454352,226.6384046434022,223.97609391597018,284.68911674210005,224.64814358548688,224.60502266612545,223.02178165150494,211.675678612675,196.53384872459526,191.66814834826022,196.416779143456,195.04145869023637,205.50478568185866,205.50978144239647,277.5239443832519,208.00025448386666,206.19168118363785,215.38492902697737,219.8856942417907,244.28987022545496,242.40198418155148,251.20755316302547,261.8438873730526,265.03530192407715,268.10622313620127,269.3847926494482,269.9089209034434,270.42850063048746,254.08444372729366,242.6874536248835,242.72335926360935,225.38244761010742,203.09077710077463,190.81360973716247,181.18280656911097,175.12018156486212,274.71903749911115,179.1213692761568,171.56413972526934,164.86549237500202,163.00900864293254,175.0475584471604,195.58117625989442,209.18658388248278,214.30225193472214,218.93145044344035,220.8674941569565,271.01679723874224,240.15533976266713,255.68863425651662,267.5630301223241,254.19328554335365,247.69176008707416,251.65731699942802,254.1918393109053,270.300409491696,272.40118968739955,258.5809163384946,253.85297871292778,240.59110617237428
TIME-VAE-BASE,Wasserstein,0.009962225575967595,0.009496273870248203,0.00793806226648116,0.009160440442813493,0.00998189801658194,0.010532883007128528,0.010378541096833054,0.01037528562527448,0.010514040750603946,0.010781790453168476,0.0094967008051148,0.008140706653019806,0.009292821226458003,0.006999567804643272,0.006250253737228827,0.006000747155273894,0.005906281346252598,0.005932268080382477,0.0057704369175537,0.005285790130172365,0.005268472436091176,0.005284010615176465,0.005141847239423156,0.008637363027017859,0.005212066947227249,0.005152996219406809,0.005126905072011415,0.004848713237374454,0.004453222236714467,0.0042962587187196305,0.004464021306883994,0.0044757633812834,0.004812539463819143,0.0048090186255033505,0.008362729848909026,0.004847622498321544,0.004751697356012404,0.004925665479416999,0.0051149636459356185,0.006134342838719253,0.006133537281984913,0.006383568918115664,0.007079448462316069,0.007370881256122384,0.007533466396480008,0.008093988274115786,0.007657320718339757,0.007932418358065836,0.007239430094265834,0.0068267750606253565,0.0068798957388406185,0.0062475565241657365,0.005233663358228938,0.004868160990411852,0.004617115209452405,0.004227567172311333,0.008193560127194004,0.0042861927515593975,0.004107238710697264,0.0038169079533798317,0.0037736544069532025,0.004282176753142579,0.004847328907054667,0.005203543778714575,0.005313426321376638,0.005430441672791067,0.00542726630361237,0.007961171828018067,0.006189393100118923,0.0068349816554422425,0.007453764969040537,0.006895544249900818,0.006657525941805867,0.0068142427691774265,0.006903617874093485,0.00753556028473377,0.007564682634629381,0.006908879592282729,0.006505613141935585,0.006551249932869176
VAE-CONV1,Jensen-Shannon,0.28116263334692404,0.2761915268834003,0.23285744326490487,0.25514436210970787,0.26898005872741493,0.2843560753344134,0.2799889835389707,0.2796875713129879,0.28273873003335137,0.2875079135892874,0.27312878614963115,0.2440413658138615,0.27542974641640594,0.22559513384599894,0.20936711840225428,0.20124168766953177,0.199129099602118,0.19798760941445512,0.19946039770791082,0.1844149246594342,0.18619314889371055,0.187520665270988,0.18565036570074303,0.2602133944652449,0.1859382726537441,0.185166258855939,0.18335991009174468,0.1716368094466041,0.1542227637660434,0.14829765922552043,0.15594266921947755,0.15576593746938897,0.16723481791499265,0.1685405959179714,0.2528861988114543,0.1709842218823051,0.16904903256784112,0.17815670393505373,0.18330330694700914,0.20960379132882517,0.20748514053088465,0.21624111896144085,0.22896418069698476,0.23315719961588863,0.23632540304919267,0.24552355303489992,0.23947063278876618,0.24236929720605968,0.2239283344355646,0.21231875034606593,0.2120510233596756,0.19340996625698853,0.16689921969351174,0.15570791732299175,0.146527084596848,0.1392846773851885,0.25105593388254505,0.14236073556522302,0.135479966267165,0.13058221133211495,0.12721269091759085,0.14011233911648702,0.16075265067446778,0.17398858327538635,0.17823156096514017,0.1831126441458677,0.18280039922063057,0.2454799041338911,0.20398680287732515,0.22302650437171428,0.23406810586068094,0.21873731976395222,0.208632692365683,0.21346213618764306,0.21571760557768693,0.2353585234663122,0.23752022977564827,0.2283174025835598,0.22159835183927915,0.20745995551436092
VAE-CONV1,KS-pvalue,False,False,False,False,False,False,False,False,False,False,False,False,False,False,False,False,False,False,False,False,False,False,False,False,False,False,False,False,False,False,False,False,False,False,False,False,False,False,False,False,False,False,False,False,False,False,False,False,False,False,False,False,False,False,False,False,False,False,False,False,False,False,False,False,False,False,False,False,False,False,False,False,False,False,False,False,False,False,False,0.0
VAE-CONV1,Kolmogorov-Smirnov,0.18410678283410142,0.1766273041474654,0.14535930299539168,0.1612723214285714,0.17202800979262672,0.18392677131336405,0.18081257200460832,0.179552491359447,0.18607790898617516,0.187635008640553,0.17889544930875578,0.16027325748847931,0.17487219182027647,0.1365027361751152,0.12920326900921653,0.12041870679723499,0.11719650057603681,0.12553103398617516,0.12308287730414746,0.11965365783410142,0.11563040034562211,0.12216481854838712,0.11925763248847931,0.16812175979262678,0.11292122695852536,0.11548639112903225,0.11353326612903225,0.10665682603686633,0.09176987327188935,0.09300295218894017,0.08826864919354838,0.09127484158986177,0.09600914458525345,0.09906033986175111,0.1626044066820277,0.10086045506912444,0.09890733006912444,0.10653081797235023,0.10874495967741936,0.1299413162442396,0.13058035714285715,0.13594470046082952,0.15379284274193544,0.14959857430875576,0.1498055875576037,0.1614433323732718,0.14986859158986177,0.15012060771889402,0.1417410714285715,0.12825820852534564,0.13267749135944706,0.12900525633640558,0.10614379320276501,0.09521709389400923,0.0905187932027649,0.08117619527649778,0.15722206221198154,0.08060915898617516,0.07968209965437789,0.07556883640552992,0.0760008640552996,0.08218425979262678,0.09582013248847931,0.10461369527649766,0.10657582085253459,0.1105450748847926,0.11247119815668205,0.15415286578341014,0.1222098214285714,0.14027397753456222,0.1464303715437788,0.1327314948156682,0.1300133208525346,0.1298063076036866,0.13351454493087556,0.1451522897465437,0.15121867799539168,0.14209209389400923,0.13514364919354838,0.12928735033978883
VAE-CONV1,Kullback-Leibler,2147.0417065096744,2073.397771879558,1547.981806792669,1812.7690176643755,1993.9366260711477,2206.026740815164,2148.357720144511,2143.561144160259,2183.4858841565524,2249.3907718439223,2037.586262854488,1670.4700334406161,2060.2138132686173,1476.9119064953823,1310.7957282707707,1225.1037320505525,1207.60000751437,1191.244197000481,1222.2540361291626,1066.5854113317714,1082.639482389582,1097.4458822007023,1093.4256961160756,1848.1619098817673,1079.7959536487529,1078.2201203796633,1048.1293831776911,935.5104057837848,785.3743775489041,733.9022412914719,799.9406195260801,799.0458325247441,870.5396818482799,900.8676938406611,1751.1818972855722,916.7653389997556,903.5578061320674,983.9658555063829,1038.802358080988,1274.366498202569,1264.7546310229613,1360.702272189252,1502.9076337486856,1547.5559043689095,1582.9029751058192,1659.3211716552291,1622.1925498527248,1659.271921026997,1452.7323181129782,1333.1815355948593,1327.8679983929935,1148.6097961726732,898.7507340279203,813.403659162528,740.7746769444523,698.4141223846541,1727.6793303398372,714.2697556436531,671.4827453647483,656.8551516190574,621.7515574776447,693.1046871382079,823.8249726653597,934.1160706777729,962.7638125777648,1021.2587633949177,1019.2714189408658,1658.7110032530857,1233.4307196643356,1444.801603912706,1555.8309865125048,1400.9546478098564,1295.7763531403857,1337.870408046215,1365.506712080713,1581.764117320122,1608.651113191086,1454.8448640499573,1392.5211539887382,1313.756192421933
VAE-CONV1,L1,4240.801490641525,4138.832739569012,3450.06911064614,3842.023160130758,4085.6916214356697,4338.861198426106,4268.346812385613,4266.170521531079,4315.422303885245,4390.054872332505,4093.4737018778987,3592.5278464983567,4112.194211446673,3236.065546206257,2951.8545122030946,2824.9327634677247,2778.845574342805,2770.1433923117684,2763.0084970304974,2532.856049023759,2568.217068133462,2585.0974256683958,2532.510367997097,3860.599260210711,2563.370287069927,2548.0981004708974,2540.9468763759146,2363.483460820319,2108.738601957739,2018.6609630893338,2123.3218108184365,2108.7370345845743,2304.620742701687,2303.1585095268756,3736.071345815758,2339.467181914585,2299.577438235332,2443.384557797969,2522.784088625562,2982.1380158035336,2953.293720410778,3092.6838060481928,3313.14697752169,3393.4789245318834,3450.454186276849,3605.0400170501985,3493.6262172672373,3549.8762413466,3247.0365171121502,3050.7123992863553,3051.153165608966,2742.516946661456,2324.9974185501937,2137.545516363829,1989.8149933129978,1854.0724988736292,3692.501729720123,1901.3385798601798,1777.8878330446905,1652.4739550172403,1616.1246538911828,1853.0969433284017,2187.3031665362205,2394.0412055011075,2474.1411828432497,2538.937800250692,2541.332964662064,3606.5427308187845,2894.0656306563574,3186.225575143982,3416.1800560696756,3149.930386358664,3015.890012945534,3095.2145363709888,3135.3069199152114,3442.4723794221945,3472.7941069387844,3298.208865803275,3172.155418819434,2969.731332191794
VAE-CONV1,L2,242.21934429204333,237.12252941908662,201.6119201345231,221.06238780337188,233.1598075427815,248.28611505619904,244.5604869384448,243.83218766810828,246.09081401675292,249.42077866923697,234.48907984758645,208.4090159552879,235.81097304678795,190.78489595620786,176.24977334138137,168.41890943569587,166.49534301201996,166.53352938885962,167.066443591909,153.98512328971557,156.92317390691423,158.24866944933584,155.57718028291015,222.36931490485838,156.4071611995569,156.02848394117743,154.7743974197168,143.3926080984168,127.93026112973307,122.30376520796645,127.95664842545283,126.51928897346266,137.8517631264152,137.87982134596297,215.139826835666,140.4642284138141,138.59976136582108,148.22896278949005,152.72072024189322,178.28420583991937,176.54817608294886,185.34467633429583,196.86940602806098,200.33955231233804,203.30459724635983,207.05062167393646,205.16469663696003,206.46001058982026,189.47889716770334,178.08486604808763,177.90369167122196,160.02414933700192,136.6792644099799,124.90098346641675,115.32458501481786,108.52753364940155,212.5601105888695,112.04605206044411,104.20134461947896,97.23022906898207,95.18593219218634,108.09348147838843,128.63211132691782,141.84293464594305,147.07389100289188,151.5211473779992,152.66520261868664,208.43038036939888,172.9279139753615,189.28196232526344,201.6060637144972,187.261242919487,179.91668395346997,184.17255302636963,186.676870117962,203.73140634667706,205.8391520717427,194.25208272212566,188.75039983676234,174.92550072574358
VAE-CONV1,Wasserstein,0.00914902384387766,0.008686633964647873,0.007127198942592436,0.008350260929453285,0.009173268640185172,0.00972505171743957,0.009575202856995781,0.009569327336953457,0.00971654876564953,0.00998426595405355,0.00868346768671797,0.007326422918541354,0.008484184881292076,0.006206929508013229,0.005446173193417666,0.005198848613706771,0.0051016186360720505,0.005108530985021752,0.0049503268878297,0.004455910868881696,0.0044432555292383,0.00445234279398012,0.004312396037794039,0.007822393575333736,0.004387680815766622,0.0043249936042762845,0.004300767500797452,0.004020279234100407,0.0036304815044974747,0.0034619455355476606,0.0036425792122933114,0.003644685041994288,0.003989615360895917,0.003982791342301032,0.007547799475830147,0.004023478884725354,0.003929968108782663,0.004126512981403867,0.004309903076088894,0.005331936196367308,0.005338979816452729,0.0055871151218979875,0.006300570027445996,0.00657506377031731,0.006729167212427585,0.007272721352093015,0.006845259535408043,0.0071137705967924125,0.006414552949364237,0.006011181784366867,0.006055682193051467,0.005413221902983188,0.0044019950771148645,0.004041575559085754,0.0037852683609323873,0.0034027093296292708,0.00738451415232217,0.0034648048117229013,0.0032725223617097246,0.002979929685243403,0.002935977340523456,0.003447014214142489,0.004013401979547246,0.0043696969596272,0.004483887566919848,0.004600188079717045,0.0045942403803956745,0.007151340330849678,0.005365302543440736,0.006023659858552184,0.006636380794401221,0.006074288675521736,0.005827975205843789,0.005987469850961989,0.006075138109130567,0.006708725434433676,0.006734088123229975,0.006094478848819898,0.005694106271160709,0.005733075558366304
VAE-CONV3,Jensen-Shannon,0.18168781014250254,0.190649006220776,0.24048239074611216,0.2087724540625699,0.18923252324307435,0.1743529452076957,0.1788092463099899,0.17891898229526398,0.17489241778608444,0.16814564212594557,0.1924422327404534,0.22897169937316736,0.19402913170627167,0.2591141923574606,0.2799467167565025,0.285977899093941,0.2891015087588929,0.2890821808827591,0.29491179703858716,0.3077486334227445,0.30725581887315256,0.3084029760397104,0.3139619606280397,0.20972871568962814,0.3088181230495352,0.31160501948575314,0.3107184756783091,0.3173641553829772,0.32781428301194876,0.33283513502845297,0.3274832144371077,0.327613666610898,0.31386624286075143,0.31696293324429115,0.2164129923265806,0.3151182512002438,0.31801775171660834,0.31267127471669126,0.30878633219774454,0.27821819358968725,0.2800197863246583,0.27415448166692435,0.25747740474981534,0.24846163300954102,0.24403263938088973,0.22351118507290332,0.24121597939201098,0.23593710618937222,0.25624202598671125,0.267111424054265,0.2660238331686506,0.28550216493500996,0.31023705850704913,0.3208000784052221,0.32855305956527636,0.33894529475538976,0.21973248781285543,0.33603443790455734,0.3426677401140389,0.353944320291317,0.35403435665832866,0.3376614237542551,0.3170617405706996,0.30643286960685395,0.3017176244807332,0.30019689707249164,0.30126151126822526,0.22610115647996298,0.2810858447798155,0.26465243894588925,0.2469597390347409,0.2642736144625565,0.2731121730497445,0.26717943401892313,0.2654703177442206,0.24716531479136924,0.24697505862052663,0.252333723825636,0.2652477733636698,0.2726639503778989
VAE-CONV3,KS-pvalue,False,False,False,False,False,False,False,False,False,False,False,False,False,False,False,False,False,False,False,False,False,False,False,False,False,False,False,False,False,False,False,False,False,False,False,False,False,False,False,False,False,False,False,False,False,False,False,False,False,False,False,False,False,False,False,False,False,False,False,False,False,False,False,False,False,False,False,False,False,False,False,False,False,False,False,False,False,False,False,0.0
VAE-CONV3,Kolmogorov-Smirnov,0.1211207517281106,0.12271385368663595,0.1510386664746544,0.13184043778801843,0.11828557027649769,0.10806991647465436,0.11275021601382487,0.11346126152073732,0.10854694700460832,0.10430767569124422,0.1293022753456221,0.15456689228110596,0.12426195276497695,0.1611463133640553,0.1800295218894009,0.18093858006912442,0.18119959677419356,0.18720298099078342,0.1869419642857143,0.20006480414746544,0.19505148329493088,0.19963277649769584,0.20235995103686635,0.13796082949308755,0.19347638248847926,0.19755364343317972,0.19581653225806453,0.20172091013824883,0.20848034274193544,0.2142047091013825,0.20241395449308752,0.20469110023041476,0.1944034418202765,0.19758964573732718,0.1427041330645161,0.1967615927419355,0.19888572868663595,0.1907942108294931,0.18853506624423966,0.16900381624423966,0.17012888824884798,0.16597962269585254,0.16308143721198165,0.15336081509216593,0.15025561635944706,0.15002160138248846,0.14702440956221208,0.145206293202765,0.16080429147465436,0.16499855990783407,0.167563724078341,0.18813004032258066,0.20034382200460832,0.20498811923963134,0.21111751152073732,0.21395269297235026,0.14119203629032256,0.209794426843318,0.21788594470046083,0.22379932315668202,0.22705753168202766,0.21354766705069123,0.2000198012672811,0.1924503168202765,0.18897609447004607,0.18788702476958524,0.1896151353686636,0.14582733294930875,0.17192900345622117,0.16684367799539168,0.1559079781105991,0.1644495247695853,0.16747371831797242,0.16688868087557607,0.16416150633640547,0.15419786866359453,0.15057963709677424,0.1617673531105991,0.16743771601382487,0.17210730600682494
VAE-CONV3,Kullback-Leibler,793.3311254312067,884.4891395950709,1481.9485798944263,1066.6327036433734,858.0504069358744,724.0366190024013,765.0261979301035,766.5608804960336,729.3457424422725,670.5780155618547,903.9168171064258,1337.4161819336307,925.140778471683,1821.418089161768,2197.5355372643207,2289.0762151693175,2356.597600897312,2343.07567407411,2522.3431018319834,2757.9640850029573,2759.5565237626024,2806.50333014644,2972.4023456168575,1083.1189889629227,2807.022641328089,2886.301631733182,2839.498346562494,2936.598047915476,3111.1905318755985,3214.7876477339823,3118.6757260354743,3115.0375749196605,2782.4786715418986,2898.059952688768,1153.6558889326311,2864.6106324429097,2941.9676884568735,2862.552984343282,2789.401074884618,2146.406894597353,2177.683056501191,2095.1003836342534,1800.8651747230713,1634.835163719476,1563.846134662218,1234.4090941310399,1527.7490688551352,1446.6036539903725,1738.7445949589462,1908.262031218265,1878.4447908371826,2203.0245882431786,2660.007536902639,2879.3887746736827,3031.6937345151105,3322.007509120959,1199.4293443381603,3258.4179261458753,3406.5042059685793,3769.9851414548566,3729.514235336994,3274.3613589511992,2805.084108079906,2606.710978003569,2510.907034289424,2514.6790020613594,2537.403771069904,1276.499326239897,2175.4904345620293,1933.7136183136176,1604.9827401739308,1878.5179888020994,2002.8505931514476,1899.603893824352,1874.2594821042444,1607.8519271472405,1611.0710301374395,1670.3615626807573,1916.4428395440627,2132.29896771386
VAE-CONV3,L1,2625.819372216105,2740.206767974435,3455.0065366737545,3027.1520555417096,2761.396389347873,2545.1843786745367,2614.6118965239075,2613.4928162022547,2554.1860060699773,2457.651310744809,2784.6600541041425,3293.5345330589253,2772.3072298201623,3686.848843956519,3989.6571705522774,4094.1796206354275,4137.688393810962,4153.539292216348,4189.7173346381705,4405.221279147223,4400.937560725212,4405.783101711395,4458.611919555882,3015.6822971888982,4413.476885014928,4443.171714539923,4446.9056046420665,4574.926161372652,4773.919821592384,4855.0478002616455,4748.397154200442,4747.775223631119,4567.631362842003,4574.556173597658,3118.4518971758343,4544.136914824516,4583.788102400749,4487.725818035275,4418.181447862866,3982.2363088174366,4011.0725552649565,3906.369161261555,3666.159926904818,3559.7256009581915,3504.0128317840745,3225.8728929590498,3450.2246676162804,3371.4437995760677,3667.16956876858,3826.2017285936913,3821.694722717337,4108.903498029478,4503.854231941412,4656.466740624511,4776.559692612607,4916.40775130325,3155.2315120662943,4881.768957747843,4985.137906024009,5113.514537800515,5147.8980950177565,4914.359674497561,4622.8132981260005,4462.711590948439,4398.18021807918,4351.6037080097885,4371.448492337495,3255.545304457447,4047.4066631653423,3769.26255487079,3549.315018204156,3801.949497950346,3953.649219110161,3869.1412947690783,3843.0699649765606,3556.039176697765,3547.1414483863655,3627.2032284077877,3789.7218276692356,3929.7424950903583
VAE-CONV3,L2,123.8548543472523,129.38203722622933,166.0847343128807,145.01015587225336,131.9625891243372,118.83215204987563,122.30404573875657,122.63754675180977,119.92911141763248,115.70156072143415,131.68007630439445,158.45922213869392,130.9655321203634,177.99139550237606,193.5607733593984,200.16592033134788,202.09401058758368,202.44070309151297,203.2543529496978,216.04886488893484,214.30729216548448,213.9573009528322,216.70308390759513,144.26992788717723,214.9532105951084,216.05128419577332,216.73457031205479,226.0436680433529,239.1014896656854,244.78678298695345,238.7996609898203,239.97335164488572,229.04837610405315,229.1675247578206,150.6964735098798,226.95757267414484,228.87662536416985,221.15075651432028,216.87692647086206,192.06428615095064,193.59928942368555,186.4344034881653,174.2162181169764,169.3915101072316,166.44679028382168,157.8668644912448,164.32998766999017,161.70936972193462,178.3499460564596,188.10627381151184,188.31142043074738,205.60832080278797,228.11804293209892,238.4766137877767,247.1952219987623,254.11290512793013,153.01588760373002,251.07069959877384,258.5161298633843,265.96466277571346,267.9771468761565,254.78039224644368,236.1798871717563,224.93689896092198,220.01661636285044,216.43412635506542,216.57375835923762,157.67072488537684,197.0213328001965,181.27510509281248,169.58241586516377,183.35909767819845,191.69266905958605,187.31647482957072,185.46729123154452,169.75437231224117,168.7803162893554,174.68995620722177,181.81361839381745,193.0258552253156
VAE-CONV3,Wasserstein,0.007417566542442336,0.007774053196492194,0.009407368745758376,0.008238301728223813,0.007463591570639654,0.006938455235617656,0.0070898997170399485,0.007105247466848875,0.006977637642739966,0.006744511750248754,0.007878371165177436,0.00921561352575172,0.007948474952939948,0.010306855250744706,0.01104309453833629,0.011290404667211953,0.011390821543352475,0.011397337758543803,0.011529796477494051,0.012014191340150103,0.012011746804080991,0.012016023188632001,0.01214093468921665,0.008606780364609774,0.01204964161661319,0.012109882230928598,0.012109813065636924,0.01238622010068256,0.012770246944515382,0.01295272287871035,0.012746787067281684,0.012747124655416043,0.012387062275930644,0.012398898149574282,0.00886673184524458,0.012352213894861281,0.012449215447445297,0.0122494323404723,0.012079156378989073,0.01106327868287191,0.011081155787404104,0.010841373627616715,0.010203297687061531,0.009920683025208404,0.009782286165558372,0.009144089137319893,0.00967537037896275,0.00942704309405386,0.010124163255020262,0.010497577012118715,0.010477074750089648,0.011137863997229262,0.012066530580890456,0.012403221438466571,0.01265179882645756,0.013016216167998194,0.009014371303788113,0.01295260900425613,0.013167754731366447,0.013457422749462777,0.013512672227824445,0.012980310779380569,0.012423827743539943,0.012092272439422392,0.011961596279664626,0.011855542999452195,0.011876019775841313,0.009246035899314213,0.01108942558721561,0.010437506926677848,0.009869009161967191,0.010438801427968237,0.010723786002472403,0.010535851972553995,0.01047001045218425,0.009854058244938744,0.009866586371583054,0.010298101708699079,0.010708406226762697,0.010746167498547598
VAE-FD1,Jensen-Shannon,0.10896305005038161,0.10176014847074921,0.05724349570756419,0.08344121407110935,0.10084749342005608,0.11253054321941142,0.10847053640207527,0.10867067084754002,0.11208743036165836,0.11870529573382506,0.10020386272488255,0.07116770599820936,0.09924002678560581,0.050355780198588544,0.04610627956315239,0.04563959218495966,0.045523670901009596,0.047292805269969554,0.04734516525375448,0.055970662253115686,0.05127896068849626,0.053886107275741585,0.058302490941866694,0.08398687129210913,0.05131868913376871,0.05398710769935022,0.05244970705195063,0.061675504954832185,0.07564020536276554,0.08365971991441015,0.07523636934958608,0.07708797054866579,0.062408616599851044,0.06384114484924369,0.07890211031195028,0.06059566899684245,0.06270292474096874,0.05307310160108198,0.049764499775720304,0.03303591220507253,0.03584359460446304,0.03475812878438634,0.04604436270070595,0.05084945347739955,0.05406282187706472,0.07625971270272472,0.05828726923125919,0.06598198082484595,0.055273922755197415,0.05164865888476165,0.05374569950371177,0.06064497459848513,0.06923700154417621,0.07894453582250105,0.0888150551492563,0.09506921950249492,0.07618388035225644,0.09084783635431032,0.10031233761630623,0.11127318178136543,0.11298041160264785,0.09777345312783835,0.07727313769787249,0.0680568329868442,0.0609550803314779,0.05838788826767282,0.05880639908300475,0.06971670458812193,0.047313465133516176,0.053297862768400324,0.058113903265487925,0.05171067570500308,0.05174321899623979,0.051803536532626954,0.05208743572568839,0.0615644768741811,0.062047703433992074,0.0451466960996699,0.03621082594694708,0.06827180315122527
VAE-FD1,KS-pvalue,False,False,False,False,False,False,False,False,False,False,False,False,False,False,False,False,False,False,False,False,False,False,False,False,False,False,False,False,False,False,False,False,False,False,False,False,False,False,False,False,False,False,False,False,False,False,False,False,False,False,False,False,False,False,False,False,False,False,False,False,False,False,False,False,False,False,False,False,False,False,False,False,False,False,False,False,False,False,False,0.0
VAE-FD1,Kolmogorov-Smirnov,0.06719830069124433,0.05940380184331806,0.029593894009216637,0.04483186923963134,0.05602858582949309,0.06482214861751151,0.060303859447004615,0.060105846774193505,0.06518217165898617,0.0690794210829493,0.06051987327188946,0.04385080645161299,0.05835973502304148,0.021259360599078292,0.02121435771889399,0.023167482718894017,0.024139544930875556,0.03524625576036866,0.03245607718894006,0.04848610311059906,0.04090761808755761,0.04677599366359447,0.04766705069124422,0.05143829205069128,0.039584533410138234,0.042977750576036866,0.041618663594470084,0.049917194700460826,0.054993519585253475,0.0659832229262673,0.05242835541474655,0.05843173963133641,0.04626296082949305,0.04947616647465439,0.04727102534562211,0.04760404665898618,0.047829061059907835,0.03219506048387094,0.03063796082949305,0.013122839861751168,0.01293382776497698,0.013221846198156688,0.026362687211981567,0.02696572580645161,0.02889184907834101,0.045371903801843305,0.030187932027649772,0.03259108582949309,0.02578665034562211,0.0223754320276498,0.02860383064516131,0.048837125576036866,0.05588457661290325,0.059637816820276496,0.06850338421658986,0.06815236175115208,0.042599726382488545,0.06376908122119818,0.07516381048387097,0.08118519585253456,0.08510944700460829,0.07213961693548387,0.05918778801843316,0.052401353686635954,0.046109951036866326,0.04501188076036866,0.04628096198156678,0.03908050115207373,0.027730774769585242,0.026281682027649772,0.03263608870967742,0.023419498847926268,0.030502952188940113,0.02587665610599077,0.028216805875576068,0.031556019585253454,0.03221306163594473,0.024535570276497665,0.01683107718894017,0.04372810239602173
VAE-FD1,Kullback-Leibler,392.1446404943141,351.6403729994349,178.10451565757631,273.81115963586717,355.6326996405655,416.7160743178943,396.3562883503114,398.36261358243013,415.9239302312159,453.6818660436501,348.8145107935574,221.67708142404283,338.83236247041,166.15719558132304,149.0498980674852,140.75997219318674,141.23339246654206,140.71251400745663,152.14638903190325,153.97881301246278,139.88380595724811,149.9078865733896,170.42563733643038,258.4505226810056,138.39199459916264,148.82320182929982,132.23331531987247,144.2305877381493,174.47747857431776,197.53346613678335,174.8597565709861,182.68915763214864,122.59829877757474,144.68319386318,232.74011616799817,132.38512055283928,140.02849093219527,118.96728551877177,121.7000356409498,91.81729571101988,104.09095523657814,110.51607196201991,143.74444526791893,156.91496971962707,166.17571233264886,220.2973889619631,183.17961187223176,211.61470559598928,174.7705732215987,162.08598379577865,166.13042297678976,179.3268941078515,174.8594737068104,206.91382913598505,239.8613343269932,269.86637183430537,223.2191194519328,246.72118345323167,293.34802368966655,363.00042673400924,362.24211096418793,272.60223334329237,174.6459097079487,147.876759955143,122.04668023684106,130.3898614150228,130.64348907914257,195.74653604093635,127.67754575618184,160.6093164762557,172.64836769636565,159.9594401293045,153.29866177285913,149.5983323586114,154.5872238440931,190.91919062954773,195.72371468580468,112.42122589177161,99.30788332761698,201.41955593430137
VAE-FD1,L1,1399.1062978268499,1283.550031333455,637.1940191438284,1029.0483106480458,1281.5208114357367,1472.4204554393275,1406.063478077731,1408.490046732556,1464.6366172076732,1564.7265495790064,1254.6875580554279,788.2649656856435,1245.835749230755,492.2602021460691,482.96942453927534,538.559889145954,537.9323810967915,565.0996514043585,516.5163141413561,710.5086253873262,660.1794058768062,666.7888008415746,696.3401556285487,1022.0866449267116,670.3522164262481,685.8475962766661,695.6524903335475,864.5120810341409,1092.886714498847,1210.468566538856,1096.1964465377437,1133.4830015899897,944.3410027342939,943.4646161366286,936.2111072815917,898.4623087618227,918.4653933334512,755.1741092974687,688.4442313041827,402.8279730618724,420.17497962044513,329.41236950540167,420.2317020023047,508.6224231347197,556.1492853408365,869.3409615757125,600.546849439006,704.4226497097202,576.1726447791434,594.2569834835216,625.7174619535001,782.6675762676111,989.4290657746902,1143.606194880757,1297.3000033479634,1382.3686821952551,891.68319250476,1328.9367692540104,1467.2915774488356,1582.5135557578667,1622.687810800202,1429.8545862142228,1131.6410090931283,954.2624381919832,857.6130415889479,800.8195468001616,808.5816649885475,800.8262990033186,565.2238435894391,478.86595410232013,560.6463485560009,553.06553060384,641.0364603658717,624.7335712446124,618.9504505378434,657.1615377895108,702.5589348949911,481.95553041096696,378.90784444512644,870.9090325553831
VAE-FD1,L2,62.989115632917766,57.5324444854053,26.80489010626809,44.00743740089485,56.109772540473564,67.81645321091902,63.87054935438551,63.80118734104475,66.21756382312259,70.58449795884515,55.7809355849261,33.725848597821944,55.88030152309847,22.14139313245729,26.082489337314943,31.168792923971406,31.5705652228879,32.92844354642351,30.811607509172518,44.215975707820334,40.22665613908624,40.592897539662644,42.26818690764623,44.48587761553419,40.674270065342384,41.502539373070825,42.43321794450801,53.69734625496091,67.74103961139146,75.16225934707906,68.3885483857649,71.38390196154921,59.86484389265189,59.67890186636625,40.09152005673146,56.61435827750309,57.80453546081766,47.173055360054505,43.02874400242705,21.81616274549639,22.440870393423516,15.969295054019751,18.161893872966413,21.80407447158851,24.793842143123893,38.09902610692895,28.358356384711563,33.268079232916776,29.992846911743065,30.17543720276726,32.669925338707294,45.487009072989146,62.69476947215179,73.39599863594023,83.57076554684434,88.61072737242806,38.402517283942615,84.73649028470969,93.9174490772804,101.36188194705484,103.82761719559886,91.3861354820341,72.26390767714582,60.58700506276938,54.08548540057671,50.216226930408794,50.1090817870587,34.432159530328995,32.570112574771045,25.287716721355057,30.169531950070546,28.556279824821186,34.211782452348075,32.57959526806702,32.369430832459344,35.401815025001056,37.17758629857563,21.990946779710967,17.813279088198247,47.741975689055096
VAE-FD1,Wasserstein,0.004269830396786931,0.0037945836396682097,0.002306955016933239,0.003473397525901744,0.004278464951086314,0.004822143839294406,0.004663805253328484,0.004663044311343188,0.0048009410563092485,0.005068670861079164,0.00381169846423293,0.002552996228380035,0.003589018439821412,0.0013817672840220243,0.0010986065923334004,0.001042874248736253,0.0010177016916771981,0.001172506724494653,0.0010157445031440389,0.0012529658539866756,0.0011295698483149452,0.0012084030228863283,0.0012273068333245472,0.0029768883869161406,0.001105100764253726,0.001156184182761197,0.0011415680122423798,0.0013604478968901868,0.0016939199889270005,0.001859548411118178,0.0016658820027972893,0.0016842220809071523,0.001369307916675588,0.0013865732166355475,0.002724873063969891,0.0013274638193754892,0.001385775460810743,0.0011727470522857489,0.0010746874963844736,0.0008040409902750896,0.0008670711900595125,0.0008580477530768302,0.001553495614468977,0.00167198646771475,0.0018437759026991762,0.002588510266094678,0.0020126786101660027,0.002361326153424394,0.001897891483307331,0.0014794392324092335,0.0016665583119135114,0.0016904242018040297,0.0015802704290372907,0.0017485785246165039,0.0019295293884579387,0.002059129021070942,0.0025241767063517995,0.0019878290711777815,0.002179269685510804,0.002392236010398624,0.002440898006522542,0.002075270129809407,0.0016345184702717792,0.0014194967057242097,0.0012969384391611476,0.00123914118734329,0.0012726520209115832,0.0023086901064681598,0.0011062117847092559,0.001265924961820597,0.0018556067549290035,0.0014467933751460707,0.0014728026206930127,0.0014811085549361073,0.0015855608522362804,0.0020435770774148696,0.002142521485328467,0.0013927716891849135,0.001023505457882339,0.0019864359624628394
VAE-FD2,Jensen-Shannon,0.3791492418995496,0.3759358572243317,0.34508557789751804,0.3591606821639472,0.36843421284739236,0.3824337912475108,0.37905428546818376,0.37834391867580797,0.38001617064842136,0.38265934396897633,0.3731077803331466,0.35185530188801145,0.3756650878718624,0.34071357945286196,0.3302684260993042,0.32321674339475936,0.3221870660011303,0.3218551351022852,0.3250956675674489,0.3135196305176477,0.31641107180229633,0.318242286908475,0.31762918428399395,0.3634579797028819,0.3163455059084468,0.316881637053732,0.31467969272406804,0.3039475596972059,0.28954995971730707,0.2845650349444699,0.2898455277735884,0.2885036056388839,0.2964776980429757,0.2983819018473024,0.3568673058321413,0.3006207478751011,0.29970100202186684,0.30845088219871303,0.3124781347191921,0.3309573777795468,0.329393130050015,0.3374650577780216,0.3452932055605419,0.3473137858502179,0.3495216099026193,0.349689099367451,0.3514038918348573,0.35159752224987467,0.33740900126936924,0.3279221860179339,0.32722587701592537,0.31251328412088347,0.29321303979308355,0.28353142335334164,0.2749232179339708,0.2719044192626226,0.355138516441478,0.27489096952449305,0.26840706466665754,0.2653186930993454,0.2622779003996986,0.26989340993380256,0.28617089134465973,0.29778479249465917,0.3020874503038063,0.3070925998374786,0.3081353825568115,0.35159654396318335,0.3253864254639424,0.3398052369017097,0.34776523350868704,0.33662061062299137,0.3293569094427682,0.33256589017086846,0.33484894208122246,0.3497645478446689,0.3519803598884419,0.3422428925530659,0.3396706563929441,0.3265933325005115
VAE-FD2,KS-pvalue,False,False,False,False,False,False,False,False,False,False,False,False,False,False,False,False,False,False,False,False,False,False,False,False,False,False,False,False,False,False,False,False,False,False,False,False,False,False,False,False,False,False,False,False,False,False,False,False,False,False,False,False,False,False,False,False,False,False,False,False,False,False,False,False,False,False,False,False,False,False,False,False,False,False,False,False,False,False,False,0.0
VAE-FD2,Kolmogorov-Smirnov,0.26587701612903225,0.25878456221198154,0.23357394873271897,0.24657978110599077,0.2536722350230415,0.26336585541474655,0.25934259792626724,0.26080069124423966,0.2633388536866359,0.26479694700460826,0.2616647465437788,0.2454817108294931,0.25634540610599077,0.22339429723502308,0.217741935483871,0.20966841877880182,0.20868735599078347,0.2199740783410138,0.21754392281105994,0.21613983294930872,0.21298963133640558,0.22024409562211977,0.2170218894009217,0.25124207949308763,0.21058647753456217,0.21357466877880182,0.21045146889400923,0.20452908986175122,0.19027217741935487,0.1937554003456221,0.1868339573732719,0.19150525633640547,0.19376440092165903,0.19652757776497698,0.24633676555299533,0.19761664746543772,0.1952584965437788,0.1944124423963134,0.19663558467741937,0.21469974078341014,0.21637384792626727,0.2211621543778802,0.23864127304147467,0.23336693548387097,0.23126080069124424,0.24618375576036866,0.23323192684331795,0.24020737327188935,0.23306991647465436,0.21882200460829493,0.22361931163594473,0.22152217741935487,0.20080285138248843,0.18874207949308752,0.1846558179723502,0.17613227246543783,0.2407384072580645,0.17647429435483863,0.17814840149769595,0.17534922235023043,0.17696932603686633,0.18051555299539168,0.19366539458525356,0.20259396601382496,0.20364703341013823,0.20799431163594473,0.2106584821428572,0.23882128456221197,0.21756192396313367,0.2207121255760369,0.23111679147465436,0.22391633064516137,0.22606746831797242,0.22543742799539168,0.2293526785714286,0.2400183611751152,0.24666078629032262,0.23095478110599077,0.22520341301843327,0.22019499121361494
VAE-FD2,Kullback-Leibler,4250.497082972053,4172.041596249735,3549.9310405009546,3835.798113560401,4039.030260344834,4339.834825147804,4269.520046463681,4251.638348090135,4286.867848567825,4347.511235617584,4118.294753916403,3682.5513685705755,4160.572832823787,3482.420420652556,3290.8801054780306,3160.3181415609197,3147.2420381595102,3135.794204723279,3209.987414182163,2989.0089074807356,3034.8808482311624,3070.926918377348,3078.5422172965314,3888.8114844087686,3031.2542556225835,3047.329966262015,2989.0597526819975,2801.748168559593,2567.5288256807185,2483.169448185829,2572.891218807103,2555.400063624765,2655.6275623109427,2709.2977994512953,3752.6301873620514,2738.5588098449634,2727.9604686113653,2871.004302408306,2948.95940518523,3250.0234402553215,3236.6030549598904,3386.3330291064985,3544.6377904082838,3583.9210299208676,3625.6271080869956,3610.8088437497386,3667.2917909983453,3675.8333269161467,3406.8158562043564,3242.241116441913,3228.1618018329264,2979.637965203692,2643.803371338322,2501.9076627673103,2372.089536649768,2338.3799891646904,3716.7917912773314,2374.2521228841615,2290.0011755220803,2267.3690360811806,2210.4810404975683,2300.3290619497943,2510.569587956299,2691.4891117126576,2748.6423585908674,2847.2005885837725,2865.2206500778675,3642.3241257391446,3176.6261984831826,3457.9246761553213,3594.751709980005,3403.5545937589354,3267.7902644954,3317.8313725603907,3362.8385830324405,3644.512012011199,3687.5225793625596,3441.948570763367,3403.5168527353057,3237.5054059011563
VAE-FD2,L1,6148.917770228487,6063.709173562887,5488.374971138246,5809.2735725126495,6011.298585831561,6254.255706225871,6193.742738178564,6182.99574667553,6217.994612267745,6273.408926514421,6023.650479193531,5595.362652023434,6040.004000604513,5303.570166205254,5071.965650123087,4950.685112506912,4921.357100640498,4924.767937228397,4926.814937930785,4722.201049728367,4769.861374212061,4786.533133494709,4741.4059634437945,5818.640857159075,4758.27982534586,4751.7624428112695,4731.772267026494,4562.943986554759,4337.825355406499,4247.119505502004,4331.909020500064,4310.686625299326,4483.068327625943,4481.216797201568,5703.3448338591415,4517.387421731961,4488.903667401646,4630.8303698408445,4703.314633029135,5103.544897128246,5077.209677635707,5211.590040957093,5395.126224402477,5459.621655194131,5507.9634626541065,5574.301007190808,5534.6963853375455,5558.217693314152,5285.127025352875,5107.948712070151,5103.283823050197,4820.971068212597,4464.011320846365,4281.318831620415,4133.164831026748,4035.29326668469,5662.617461711621,4091.1671665379486,3970.4251956405315,3864.0716622048367,3835.0113229443336,4034.018694040246,4341.531551212708,4542.189549039946,4623.185284231123,4688.728760054792,4704.159858465286,5599.430937012561,5018.30311898015,5274.032109182895,5471.1966770299205,5246.171769258997,5129.506134009656,5199.851933115192,5238.566927753261,5505.822952489947,5532.454526494455,5361.181929353683,5266.940062121492,5065.001427877605
VAE-FD2,L2,415.75963976228655,411.38997161795515,381.4804525534501,397.5248924681542,407.7285336817649,422.35556989506216,419.05664595560074,417.89023404061993,419.432773629078,421.7235469687793,408.7156360810242,385.9962433176929,410.07140527939094,371.4411576416712,359.4034573201046,352.1542342223671,351.33413715858217,352.1885156551086,353.15939153743983,341.4674773430073,345.23824680134607,346.73711169354243,344.6093536189736,398.0677533595998,344.7405947969087,344.8765551211371,343.0366519519513,332.0383181787984,318.19137439499895,312.96803039575656,317.32400647799454,315.2998433128874,325.04799755537965,325.18740487689473,391.286280451197,327.7934086992035,326.3986358232906,335.8227967141597,339.8171527363539,362.15845114365555,360.71268655382516,369.13274585517564,378.8225585233671,381.3237723082919,383.9281814522989,383.1889665612705,385.1057911888579,384.75875668856116,369.3785771662394,359.0588209318972,358.8220272858739,342.4157109349446,322.1099721348988,310.5830003689071,301.0621914972024,296.213700776334,388.5031324616784,300.21355755058147,292.34746648654584,285.8653177780336,284.1175692983393,295.1319002135187,314.36313107758593,327.41854195839403,332.7320872623336,337.33903377952834,339.5250140977832,385.33416893359777,357.95959552733547,372.4665459032418,383.2894810504101,371.1757388485956,365.05676274376407,368.6196256155885,371.01674320530526,385.71272942650273,387.64811232079546,374.5882682070782,370.8307475273697,357.90869133841784
VAE-FD2,Wasserstein,0.011266296661049044,0.010802634432646195,0.00924333940804299,0.010466347955115436,0.011288905792983361,0.011840560366560062,0.011688521829556469,0.01168392947595276,0.011826506140862985,0.01209426795816662,0.010800713672858597,0.009443756656585681,0.010599819516309564,0.008312645952688309,0.007558660088253127,0.007309924880307201,0.007214243319332135,0.007226936372513488,0.007068603971915689,0.006573333046928925,0.006561619912998354,0.006568378515762649,0.0064298302682578605,0.009940028338305663,0.006506141410017607,0.0064429645516717845,0.006419107717797313,0.00613830782252291,0.005748897815337151,0.005576434745609759,0.005760849371865431,0.005762051752411863,0.006108061457728299,0.006101237569497833,0.009665407586261452,0.006142006043945578,0.006048310736457882,0.006235167652663044,0.006422186663832181,0.007443478750668262,0.007445627444875147,0.007695242423048812,0.008396107519002957,0.008683157366032958,0.008842304855780867,0.00939117032759315,0.008961937848739302,0.00923215872336717,0.008533033187772548,0.008128661601563647,0.008174248445067743,0.007526421295515931,0.006518794534162626,0.006160088604702896,0.005902636005389026,0.005521219044170047,0.009500078791304368,0.005582909835721454,0.005388632465585135,0.005092078928111749,0.005042743993421679,0.0055625931027429255,0.006129084524077379,0.006484720547485719,0.0066017100611394436,0.006717439045282853,0.006709242749982091,0.009267113916082065,0.007483897423462951,0.008139925265124267,0.008754594742672324,0.008192910558843044,0.007944996411958248,0.00810563893993776,0.008192656730902805,0.008826733709867208,0.008850065827528427,0.008211700047307978,0.007810324036906891,0.007848544519803484
VQ-VAE-CONV2,Jensen-Shannon,0.14879841864478188,0.1419022069223296,0.09906332181026825,0.12326798025966373,0.13901834442880212,0.1541344696201492,0.14998496947040732,0.1492877428441517,0.15302572738224615,0.15831006674690076,0.13885044365065952,0.10900428111171344,0.14019733012024602,0.09021508227976767,0.0785652270998371,0.07336382930302839,0.07277459054978787,0.0714781743263059,0.07302603791968296,0.06907427794703214,0.07041469039542071,0.07149024626710325,0.07357222373431904,0.12465056116044335,0.0715440859546638,0.07195231362874346,0.07181951498214574,0.0697154932136856,0.07172721658764662,0.07394925465505905,0.07080421258413963,0.07007083769477349,0.06728767730736814,0.0677489109898725,0.11792894368434004,0.06887824854714591,0.07044769429339393,0.07319822294425657,0.07228604744851631,0.07986989549741345,0.0797570990134012,0.08479586882613915,0.09654363730060331,0.09813857141097508,0.10021055641730756,0.11099728285563096,0.10217196760905212,0.1052413719007124,0.08783344489696579,0.07877008507076885,0.07804849102050154,0.06656036160428584,0.059296078681741464,0.061161062053562726,0.06560946584544283,0.07232310868933285,0.11584445471710032,0.07145870332326434,0.07575988989900911,0.08565825518642432,0.08630235658007221,0.07596342489760163,0.06836906924983528,0.0694893400522332,0.06994156010597462,0.0702185143467538,0.0708019087411112,0.11028645561837934,0.07662157503480528,0.09187289751914854,0.0993478485727646,0.08530300447448788,0.07870532765518216,0.08241177060329034,0.08355609979081204,0.09928015426421898,0.10027049354451799,0.09306593254414199,0.0869234338622758,0.09060265490870935
VQ-VAE-CONV2,KS-pvalue,False,False,False,False,False,False,False,False,False,False,False,False,False,False,False,False,False,False,False,False,False,False,False,False,False,False,False,False,False,False,False,False,False,False,False,False,False,False,False,False,False,False,False,False,False,False,False,False,False,False,False,False,False,False,False,False,False,False,False,False,False,False,False,False,False,False,False,False,False,False,False,False,False,False,False,False,False,False,False,0.0
VQ-VAE-CONV2,Kolmogorov-Smirnov,0.09203088997695852,0.09047379032258066,0.06522717453917051,0.08121219758064516,0.09268793202764977,0.10460469470046083,0.10237255184331798,0.10069844470046083,0.10716985887096772,0.10869095622119815,0.08646853398617516,0.06817936347926268,0.09017677131336407,0.06017785138248846,0.04878312211981567,0.04836909562211983,0.047190020161290314,0.043904809907834075,0.040898617511520685,0.04361679147465436,0.03989055299539168,0.04771205357142849,0.04483186923963134,0.07569484447004615,0.03848646313364057,0.04223970334101379,0.03889148905529949,0.035354262672811054,0.029314876152073732,0.033014112903225756,0.030043922811059887,0.029485887096774133,0.029953917050691226,0.03084497407834097,0.0707535282258065,0.03083597350230416,0.03111499135944701,0.04583993375576034,0.04382380472350228,0.05313040034562211,0.055299539170506895,0.059520809331797236,0.07726094470046083,0.0726436491935484,0.07179759504608296,0.0691964285714286,0.07112255184331798,0.06730630760368664,0.050304219470046097,0.04763104838709678,0.04474186347926268,0.04819808467741937,0.03318512384792627,0.02449056739631328,0.028846846198156584,0.037793418778801824,0.07238263248847929,0.03790142569124422,0.03800043202764969,0.041960685483870885,0.04353578629032259,0.03587629608294929,0.031457013248847865,0.0385584677419355,0.03725338421658986,0.04069160426267282,0.04549791186635943,0.06880940380184333,0.045533914170506895,0.062022969470046097,0.0673693116359447,0.0541294642857143,0.05510152649769584,0.053184403801843305,0.05646961405529949,0.06297703052995393,0.06792734735023043,0.05631660426267282,0.053571428571428575,0.05531719852855394
VQ-VAE-CONV2,Kullback-Leibler,581.8556749310587,528.8401036023405,273.42793892855434,411.0329491544086,516.3992434318695,626.9775097257673,598.0906496497264,593.5228587825278,620.4790356233154,661.6679827192397,512.7507274982942,323.93331796393727,515.5571305144744,237.05191211648534,183.70136150389334,158.25081871416364,157.01029606955572,148.22008355229062,164.1750494112435,133.53447421103127,136.95255150133985,143.3263118954515,159.6284686279413,402.35920523783807,140.50986830144186,145.77010551270354,134.29443271411682,115.64661419149141,107.59228375097783,108.32001442772768,107.38140770146723,105.78730004487801,83.07852600017199,102.70453514309786,356.84487467659005,104.19544946011425,111.85698708812815,126.71973048757985,131.64562881215986,158.37826473996446,165.35045124451264,193.22323460845976,254.69963699387807,264.27820861767975,275.52575862469826,315.1526075325832,289.86805023898273,309.7636509533347,223.33177613775808,184.39244268578696,180.35723153183574,134.30689723431513,83.19543052136584,86.44473824449852,93.2399928882141,122.81717048160937,344.64485465352305,116.21067157650359,134.21169427412087,191.70676455910657,182.29039525234734,126.40877939525114,85.02561875959634,91.86763700710469,90.27834637661469,106.91633212094874,108.07326784119645,309.6131215272054,154.40370097351513,232.89034004519596,267.337557710548,208.94291889751742,176.42593538443575,187.0670089332295,195.87659719086466,275.2209605760805,282.8518128017498,209.47861354332184,187.15861672112172,232.5357025706325
VQ-VAE-CONV2,L1,2002.8401737252307,1900.888768124272,1234.554651595714,1599.6767708437833,1840.668890090918,2087.0349371389248,2033.0309173363669,2024.2291678759861,2086.970373358761,2163.7584004017044,1853.7315661803657,1365.6921434073645,1882.1103035207,1084.5771039365727,928.656145172463,866.379044708237,851.1398483651468,835.1830188385728,853.4094015346004,800.5428854403132,808.6708382784359,828.5891132226493,836.4692112524588,1628.3735205493335,807.7411836947862,816.4968173884478,803.9743922821078,758.5866890580628,774.6478343168585,763.3236641133476,748.1287820771986,732.2407404079142,732.9630036851955,742.6497246622364,1509.0568127512315,757.6547999191034,775.3223247677042,836.560284636088,831.4503544226125,933.7330469868497,932.1479430121908,998.0060431435633,1174.8708707544838,1211.6993040464536,1246.6788708509841,1375.3543391294504,1281.6740331641413,1311.867184973287,1043.2461967651514,903.2399704772924,895.3612884412424,767.9349819349522,694.1539295827995,714.2158589944326,737.9468116565483,782.4467034394828,1475.4972811904458,770.8287192326109,809.5856903608674,867.4805930271609,888.9391716114203,780.4602690844807,697.7555118929845,697.1844060556093,717.3350679726515,734.2113406919098,746.6624898360574,1389.145934563745,855.5827620576147,1066.7229958183998,1227.2196572518847,1017.2547591964335,928.0488110830133,983.3859765741302,1009.8827122239708,1247.9581220511982,1270.8793773342195,1116.7660390476585,1039.5757824713885,1090.2647525451257
VQ-VAE-CONV2,L2,119.6616035853785,114.73616191170889,82.66739816659363,99.7096416131234,110.84120393865444,124.96042230470161,121.90754038319253,120.90387022358009,123.45424371872116,126.69997058654202,112.17756626462293,89.34085026888907,113.52673029652094,76.0456186150538,65.66677506933442,59.907164262887456,58.71449856323264,57.44339667061623,58.38017333433327,51.126679865394905,52.801532274590194,53.50822148909291,53.45240706701183,100.92535843841668,52.370876792124605,52.57952276269967,51.1289030986243,46.157958612896294,45.834493065759524,45.665537909566645,44.62482747473774,43.69449260044487,44.44889562521823,44.58477054953145,94.57854964291204,45.5768175131475,46.191464251051194,51.42546882900373,52.394919768510334,65.63932297716619,65.60916483265679,71.52701346785646,80.79235391745316,82.42046951978755,84.14150633443296,87.11811792148676,85.12551341657215,85.43048854091877,70.53731348243349,62.30015714389751,61.516048434395714,49.327002470198046,41.03205596207954,41.915319016883814,44.02929146229263,47.8356984983462,92.56889078103755,46.64145563704326,50.25449157112822,54.36798100853339,56.327820611860574,48.19096331464885,41.893513662912916,43.24887553705147,45.18986489179045,47.30217363795981,48.61120869404028,88.71194733587384,60.06605758004945,72.50177074442203,82.22002063972481,70.77013250196583,65.27765493967875,68.29938262709474,70.12184424499458,83.61503290014132,85.32851108065829,76.56888111833736,72.85781831465073,69.70948934408703
VQ-VAE-CONV2,Wasserstein,0.004793451474806645,0.004346231587804366,0.0027989338515339596,0.004013958473364407,0.004832802972905431,0.005378826521547554,0.005240879226503344,0.005229574959717788,0.005395858967550164,0.005663223294018688,0.0043292277053325915,0.0029809592773062947,0.004149572283283244,0.0019265931902840926,0.001248482303614874,0.0010283518830176603,0.0009573803272237405,0.0009236101165045451,0.0009126246919299495,0.000785895030089596,0.000750053123866179,0.0008216315987788217,0.0008503091989971717,0.0034815675377112723,0.0007396095247289241,0.0007743358875064223,0.0007440642164637945,0.0007427657501276394,0.0009850051798262942,0.0010893008173754153,0.0009810541693276295,0.0009132269886689662,0.0007451001410679764,0.0007076569732604276,0.00321320033954831,0.0007116916088923312,0.0007848549103272668,0.0009180732603816497,0.000838336745883019,0.0011635251679570453,0.0011654347002905444,0.0013768291667990646,0.0020593744162863362,0.0022824756785427987,0.0024160950590935847,0.002924723178133453,0.0025099745945055094,0.0027587456518256524,0.0020471310952144646,0.0016848494157486382,0.0016962616239511368,0.0010579282491343398,0.0005454206270961955,0.0006783071081486187,0.0008362700645042352,0.0011261622022208098,0.003067834043850817,0.0010855392845750991,0.0012257036017153259,0.0014878788792509813,0.0015344889573843709,0.0010627076908480036,0.0006141881522565373,0.0005304520495750445,0.0005803713035517768,0.0006021437559029875,0.000591342921652501,0.002837028449741237,0.0011531844563435277,0.0018073439331733243,0.0022881361326688708,0.001721174405217445,0.00145258894997803,0.0016174529429056805,0.0016952869474578585,0.0023299596310786086,0.002344462163710928,0.0017861690952642993,0.001412595425047203,0.0019099470542238133
VQ-VAE-FD1,Jensen-Shannon,0.24810167936562505,0.24228030105428955,0.19522888727016968,0.2205705885570134,0.2361834259654524,0.2512019698435876,0.2465340454929735,0.24647483038452156,0.24976350129374833,0.2553953111136904,0.23962528396303692,0.2084871476478419,0.2411278008255435,0.18623013046458226,0.16810779614841237,0.15997415740127716,0.15741294077174203,0.15690396653281324,0.1566082117351278,0.14138254379070278,0.1416946030760082,0.14324446348333364,0.14067468502183242,0.22544958136251483,0.14094749115028896,0.1398513122724618,0.13798993901733914,0.12733295593629596,0.11067239205419291,0.10591776295534118,0.11273902672006209,0.114164033331026,0.1258858894485188,0.12678993856746829,0.218362071012347,0.12872650813233505,0.12631411882544819,0.1336154043298005,0.13908017674485948,0.16747283420073195,0.16504605305190312,0.17337202481969377,0.18774951907444687,0.19357890179927476,0.1973316644678583,0.2117055956694913,0.20114118338360953,0.2054348882951113,0.18626748078795397,0.17429775976722078,0.1748113501512037,0.15666604411700133,0.12862353738396806,0.11795790939570171,0.11056441741597771,0.10107184796559505,0.21634826826873796,0.10326081597718592,0.09883234648573434,0.09326591896393832,0.09126672138363477,0.1043394359321615,0.12351080048108991,0.13557169832708743,0.13882592978778613,0.143034215412222,0.14222059394502645,0.21010040320735487,0.1633155764452365,0.18276952964636536,0.19541901937020223,0.1793443650683268,0.1690640842424632,0.1742276914816657,0.1763831863748457,0.1968916886977004,0.19893707011813255,0.1894793674525097,0.1807760941654311,0.16844714817778741
VQ-VAE-FD1,KS-pvalue,False,False,False,False,False,False,False,False,False,False,False,False,False,False,False,False,False,False,False,False,False,False,False,False,False,False,False,False,False,False,False,False,False,False,False,False,False,False,False,False,False,False,False,False,False,False,False,False,False,False,False,False,False,False,False,False,False,False,False,False,False,False,False,False,False,False,False,False,False,False,False,False,False,False,False,False,False,False,False,0.0
VQ-VAE-FD1,Kolmogorov-Smirnov,0.15621399769585254,0.14834749423963134,0.11626044066820285,0.13274949596774188,0.14331617223502302,0.1547199020737327,0.15077764976958524,0.1500216013824885,0.15588997695852536,0.1583921370967742,0.15069664458525345,0.1319664458525346,0.14694340437788012,0.10482070852534564,0.09936635944700467,0.09099582373271886,0.08795362903225812,0.09473106278801846,0.09206689228110598,0.08817864343317972,0.08399337557603692,0.09039278513824889,0.08753960253456217,0.14015697004608296,0.0811941964285714,0.08357934907834097,0.08170722926267282,0.07479478686635943,0.06105990783410142,0.060906898041474644,0.05824272753456221,0.059934835829493105,0.06653225806451614,0.06792734735023043,0.1349816388248849,0.0695924539170506,0.06791834677419362,0.07187860023041476,0.07445276497695852,0.0965041762672811,0.09593713997695852,0.1013464861751152,0.11917662730414748,0.11639544930875577,0.11757452476958524,0.1334245391705069,0.11832157258064516,0.11965365783410142,0.11083309331797231,0.09825028801843316,0.10250756048387089,0.09886232718894006,0.07610887096774188,0.06697328629032262,0.06285102246543783,0.053499423963133674,0.1300223214285715,0.0525633640552996,0.05169930875576034,0.046992007488479315,0.04727102534562211,0.053103398617511566,0.06574920794930872,0.07372371831797242,0.07564084101382496,0.07948408698156684,0.08072616647465436,0.12629608294930872,0.09094182027649766,0.11018505184331798,0.11734050979262674,0.10368663594470047,0.09807027649769595,0.09994239631336406,0.10152649769585254,0.11421730990783409,0.11927563364055305,0.11225518433179726,0.10481170794930883,0.09892328045703781
VQ-VAE-FD1,Kullback-Leibler,1591.8093946909908,1520.0197276825043,1049.9855649412482,1296.157597020917,1466.7156021698552,1641.4877271309433,1588.4752052641072,1588.135505703625,1624.5309025790316,1690.203778059034,1494.6701985883574,1167.7992849262523,1504.924059474427,978.0844451691257,830.1335331174243,763.1078347981625,746.1106358144085,737.3981988114804,750.5304760875053,628.9276213981236,631.082965214068,644.4416745859191,638.1829838054857,1322.2022469113826,625.4894240660534,623.2400287477508,598.2643223167611,519.8879335105432,412.5953900399942,380.251850671518,425.85208691846486,434.1725950471066,485.65995424112987,509.2781145877932,1243.1774414685501,517.3154285563746,505.12769148958057,554.2393661399062,598.7213788093707,791.6675906377911,782.3536826295017,854.6254956370593,980.5075539013055,1030.5959534142398,1064.718986499956,1173.7067647264284,1104.0902603569111,1147.4209727571078,973.906765367505,874.1966459931768,876.4036421975828,737.2012096669962,530.1295806666262,468.767649407583,422.4555332362262,380.90556228893547,1222.3476096444056,387.20305021773584,368.68213176574284,356.3554782687338,335.4340836506944,385.2115720595077,473.0168831407114,549.634503118252,565.1260990326236,607.790520712665,602.7265216886875,1158.2006046394854,771.7156315988905,941.1923527768412,1046.6321561418351,915.8270714751516,831.4122896844551,866.5898992417748,888.5741883855428,1070.8164622960874,1092.4621178278787,960.0025671261433,895.4109150625444,858.4102370822357
VQ-VAE-FD1,L1,3557.5245901833036,3449.117851981064,2725.7925524987095,3144.116452522364,3403.2542017283995,3647.1068068702916,3571.8731833364454,3573.5928885415237,3626.762375010035,3712.3728903556357,3401.9580343394546,2881.400220699502,3418.843139972062,2494.5878835856756,2190.6628189801127,2071.2291869788673,2025.1265077051376,2024.8739066707476,2004.8724573856246,1785.9921949618142,1803.008900757477,1819.1102161363924,1760.3057520883663,3165.5745354514424,1794.6965755032834,1775.120925517461,1772.4044675770817,1608.874042139429,1356.9041295088246,1290.3832932577766,1385.096039157214,1387.9661941109582,1573.2938407864485,1570.2224041800555,3045.0357806931734,1601.333497185673,1555.9535272180528,1672.4655086088833,1750.7423504356948,2218.9654469145607,2184.585381048002,2317.827830547627,2550.5814718205247,2644.237780014264,2706.9661884985053,2927.556660624845,2761.0071420607437,2835.6362885646736,2534.492567636171,2336.146103323038,2348.04177586506,2051.7171517877655,1630.7974854256317,1461.5578137792786,1340.305285873966,1192.074516471635,3002.429028538114,1227.103300448697,1133.069301536744,1014.0663372071481,989.957629285675,1216.267617793873,1517.1494543340964,1700.9376442617126,1766.1762713725761,1827.0175891035537,1822.6144043846566,2906.373202703935,2163.753320441749,2450.3267762490277,2689.8001825017154,2420.3572110016325,2291.753036578697,2368.2953167164114,2406.8840793240884,2719.975481188605,2754.866321637878,2562.805357153027,2416.605173449516,2250.76750698848
VQ-VAE-FD1,L2,188.7303077668469,183.4063124547457,146.60231854579337,167.16007013844137,179.87344463112566,194.52014075696937,190.43052142308997,190.00554264508892,192.33393880035044,196.06031356882957,180.79273032874286,153.90281803201879,182.0249158025364,134.93023062563262,119.6431093787805,112.2421125997975,110.16785305303969,110.61320352929897,110.39153874245527,97.97114811522746,99.96794265664884,101.42394692762923,98.25256967353535,168.57080283963424,99.57878431265526,98.95902063559043,97.9966947772296,87.80751581794878,72.90297429389297,69.64486208161662,74.3225010543862,74.76244181196572,84.79615345847806,84.59565416773275,161.5668411083663,86.52281437163799,84.20612041085747,91.61007753147817,96.24076669240984,122.04878531963456,119.88147700895959,128.3035402314958,140.27646913238198,144.44225599936766,147.81061432426807,154.26194511659165,150.35787291585564,152.63570747891913,135.9879971561646,124.39668838540476,124.80376683552842,108.11132919169819,85.32159948652244,74.93817724681593,68.27886651654434,60.73067569803851,159.07276871926405,62.92534487700044,59.09256465608362,54.51516177143822,53.76611999891798,63.372928555606784,79.9374731488743,91.11454888858854,94.87186120731636,98.69865675967361,99.49769651800104,154.55950489238774,118.242658323941,134.24124927495262,146.95515724623164,132.49761641600983,125.54175579988,129.8089235861482,132.19964311758315,149.41881450787017,151.58283538371046,139.13018555636333,132.69715129260018,121.28936005196377
VQ-VAE-FD1,Wasserstein,0.008214329577332391,0.0077484568702113395,0.006190170737539403,0.007412509190497351,0.00823411192101317,0.008785257917702008,0.008631924152222413,0.00862796255971292,0.008769686553999711,0.00903744509920019,0.007748823911966417,0.0063932906773015085,0.007545101621532515,0.005256312755897917,0.00450281145482138,0.00425357880944529,0.004158720639313364,0.004194626168345108,0.0040281679353800235,0.003565204455657916,0.0035346113856800803,0.0035672684374726785,0.0034180924832493786,0.006889835851116709,0.0034761860560129838,0.003424917497647729,0.0033949717223999663,0.0031255699132940093,0.0027218163815487884,0.0026142285859353477,0.0027305461977339194,0.0027720340803954876,0.0030802718353171916,0.003083434060342966,0.006615226271205555,0.003115527445555723,0.003016134827470671,0.0031784618830582615,0.0033670510827924238,0.00438695275266628,0.004389009678569995,0.004638435231637649,0.005345286257828099,0.005626457931277254,0.005786033934033996,0.006350548150697597,0.005909384323305441,0.006186717619363923,0.005501473471477808,0.005080493520361386,0.005142382491771415,0.004546307996760561,0.0035301766979188762,0.003153133059980328,0.0029362164977380523,0.002523349773134264,0.0064457504357271515,0.002567245876622449,0.0024625425948624495,0.0022160208503190946,0.0022092788663994993,0.0026333389418428787,0.003162986584004684,0.003508537000795724,0.0035973976744198962,0.0037143880612523507,0.003719712502489989,0.0062133335607341845,0.0044506117044726306,0.005087062630978215,0.00570716579809624,0.0051517885489340805,0.004927972496372155,0.00507819032358515,0.005170272014980806,0.005797505907849865,0.005833953171419105,0.005161689261598187,0.004757846502864296,0.004823185186157799
